id;img_link
1;
2;
3;
4;
5;
6;
7;
8;
9;
343;
344;
12;/userfiles/equipment/15-032012075754.jpg
13;/userfiles/equipment/19-032012121526.jpg
14;/userfiles/equipment/13-032012023340.jpg
15;/userfiles/equipment/16-032012084914.jpg
17;/userfiles/equipment/23-032012013047.jpg
18;/userfiles/equipment/05-112011064211.jpg
19;/userfiles/equipment/05-112011064247.jpg
22;
23;
24;
26;
28;/userfiles/equipment/05-112011064309.jpg
29;/userfiles/equipment/05-112011064319.jpg
30;/userfiles/equipment/05-112011064659.jpg
32;/userfiles/equipment/05-112011064716.jpg
33;/userfiles/equipment/05-112011064730.jpg
34;/userfiles/equipment/05-112011064742.jpg
36;/userfiles/equipment/05-112011064803.jpg
37;/userfiles/equipment/05-112011064818.jpg
39;/userfiles/equipment/05-112011065411.jpg
40;/userfiles/equipment/05-112011064831.jpg
41;/userfiles/equipment/05-112011064900.jpg
43;/userfiles/equipment/29-112011094918.jpg
44;/userfiles/equipment/05-112011065425.jpg
45;/userfiles/equipment/05-112011070407.jpg
47;/userfiles/equipment/05-112011070218.jpg
48;/userfiles/equipment/05-112011070210.jpg
50;/userfiles/equipment/05-112011065445.jpg
147;
148;
52;/userfiles/equipment/05-112011065335.jpg
53;/userfiles/equipment/05-112011070313.jpg
188;/userfiles/equipment/05-112011064950.jpg
70;
71;
72;
100;
78;
80;
82;
83;
94;
95;
92;
93;
96;
97;
98;
99;
101;
102;
103;
104;
105;
106;
107;/userfiles/equipment/18-012012122145.jpg
108;
109;
110;
111;
112;
113;/userfiles/equipment/15-032012074936.jpg
114;
115;
116;
117;
118;
119;
121;
122;
123;
124;
125;
126;
127;
128;
129;
130;
131;
132;
133;
134;
135;
136;
137;
138;
139;
140;
141;
142;
143;
144;
145;
146;
149;
150;/userfiles/equipment/05-112011065153.jpg
151;/userfiles/equipment/05-112011065027.jpg
152;/userfiles/equipment/05-112011065019.jpg
153;/userfiles/equipment/05-112011070110.jpg
154;
155;/userfiles/equipment/05-112011064937.jpg
156;
157;
158;
159;/userfiles/equipment/05-112011064925.jpg
160;
161;
162;
163;/userfiles/equipment/05-112011064917.jpg
164;
165;
166;
167;/userfiles/equipment/05-112011064909.jpg
168;
169;
170;
171;/userfiles/equipment/05-112011065205.jpg
172;/userfiles/equipment/05-112011065212.jpg
173;
174;
175;
176;
177;
178;
179;
180;
182;
183;
198;
190;/userfiles/equipment/05-112011064957.jpg
191;/userfiles/equipment/05-112011072015.jpg
193;
194;/userfiles/equipment/05-112011072007.jpg
195;
196;
197;
199;
200;
201;
202;
203;/userfiles/equipment/2013_03_27-13_08_01.jpg
204;
205;
206;
207;/userfiles/equipment/05-112011064839.jpg
208;
209;
210;
211;
212;
213;/userfiles/equipment/05-112011070147.jpg
214;/userfiles/equipment/05-112011064255.jpg
222;
221;
217;
218;
219;
220;
223;
224;
225;
226;
227;
228;
230;
231;
233;
234;
235;/userfiles/equipment/05-112011064649.jpg
236;
237;
238;
239;
240;
241;
242;
243;
244;
245;
246;
247;
248;
249;
250;
251;
252;
253;
254;
255;
256;
257;
258;
259;
260;
262;
263;
264;
265;
267;
268;
276;/userfiles/equipment/16-112011011413.jpg
275;
278;/userfiles/equipment/17-112011125931.jpg
279;/userfiles/equipment/18-112011115405.jpg
280;/userfiles/equipment/21-112011110811.jpg
281;/userfiles/equipment/21-112011110847.jpg
282;/userfiles/equipment/22-112011010741.jpg
283;/userfiles/equipment/22-112011024345.jpg
289;
290;
291;
292;
293;
294;
295;
296;
297;/userfiles/equipment/13-012012110733.jpg
298;/userfiles/equipment/30-122011105806.jpg
299;
300;/userfiles/equipment/13-032012122911.jpg
301;/userfiles/equipment/11-012012085724.jpg
319;
320;
318;
310;/userfiles/equipment/11-012012073736.jpg
316;/userfiles/equipment/13-012012030017.jpg
317;
325;/userfiles/equipment/18-012012084531.jpg
326;/userfiles/equipment/18-012012083527.jpg
328;/userfiles/equipment/18-012012073920.jpg
331;
330;
332;
333;
334;
335;
336;
337;
338;
339;
340;
341;
342;
345;/userfiles/equipment/11-052012014601.jpg
346;
347;
348;
349;
350;
351;
352;
353;
355;
356;
357;/userfiles/equipment/06-072012082610.jpg
358;
360;
361;
362;
363;
364;
365;
366;
367;
368;
369;/userfiles/equipment/2013_04_15-15_27_54.png
371;
372;
374;
375;
376;
377;
380;
381;
382;
383;
384;
385;
386;
387;
394;
389;
390;
391;
392;
393;
395;
398;
397;
399;
400;
401;
402;/userfiles/equipment/2014_12_09-21_28_34.jpg
403;/userfiles/equipment/2014_12_09-21_30_39.jpg
404;
405;
406;
407;
408;/userfiles/equipment/2015_07_28-13_03_07.jpg
410;
411;
413;
414;
415;
416;
417;
